reason,n,share
d_star_negative,25200,0.5714285714285714
kappa_star_out_of_bounds,18900,0.42857142857142855
