n,r_star_min,r_star_max,r_star_range,omega_min,omega_max,d_min,d_max
37800,0.04409028054839424,0.07554128118829954,0.0314510006399053,0.74,0.84,0.48302787126754954,2.3939812967737173
