regime,n,share
infeasible,44100,0.5384615384615384
unstable_oscillatory,13811,0.16863247863247863
stable_real,12516,0.15282051282051282
stable_oscillatory,11473,0.1400854700854701
