regime,n,share
unstable_oscillatory,4451,0.7596859532343403
stable_oscillatory,1408,0.24031404676565968
