plane,n_ok,n_feasible,H_min,H_q05,H_med,H_q95,H_max,share_absH_lt_1e_06,share_absH_lt_1e_04,share_absH_lt_1e_03,share_absH_lt_1e_02
hopf_plane_phi1_i,15120,6804,-3.312200311693e-4,-3.1600756804628e-4,-1.700312268171e-4,-1.68410882804547e-5,2.7105054312137596e-19,0.015873015873015872,0.30158730158730157,1,1
hopf_plane_phi1_lambda,15120,14040,-3.3599951693321647e-4,-3.3225913082483643e-4,7.015793868502317e-4,0.00449381957455617,0.00503999999999999,0,0.06153846153846154,0.5538461538461539,1
hopf_plane_r0_lambda,11200,6485,-0.00243077325190207,-0.001255924895140418,2.7631140321411575e-5,0.005267290977828502,0.00925592257129548,3.0840400925212025e-4,0.05875096376252891,0.5978411719352351,1
