"eigen_real","eigen_imag"
0.0124466105083969,0.108388684202181
0.0124466105083969,-0.108388684202181
-0.0282281362604162,0
