"lower","upper","root"
0.024,0.025,0.0243395113219015
0.032,0.033,0.0322409796545927
