"row","V1","V2","V3"
"row1",0,-0.133333417039722,-0.00533333668158888
"row2",0.084,-1.58191028919443e-06,-4.85155551405818e-07
"row3",0,0.666666666666667,-0.00333333333333334
